<TextureAtlas imagePath="BA.png">
    <SubTexture name="BA0001" x="0" y="0" width="640" height="480"/>
    <SubTexture name="BA0002" x="640" y="0" width="640" height="480"/>
    <SubTexture name="BA0003" x="1280" y="0" width="640" height="480"/>
    <SubTexture name="BA0004" x="1920" y="0" width="640" height="480"/>
    <SubTexture name="BA0005" x="2560" y="0" width="640" height="480"/>
    <SubTexture name="BA0006" x="3200" y="0" width="640" height="480"/>
    <SubTexture name="BA0007" x="3840" y="0" width="640" height="480"/>
    <SubTexture name="BA0008" x="4480" y="0" width="640" height="480"/>
    <SubTexture name="BA0009" x="5120" y="0" width="640" height="480"/>
    <SubTexture name="BA0010" x="5760" y="0" width="640" height="480"/>
    <SubTexture name="BA0011" x="6400" y="0" width="640" height="480"/>
    <SubTexture name="BA0012" x="7040" y="0" width="640" height="480"/>
    <SubTexture name="BA0013" x="7680" y="0" width="640" height="480"/>
    <SubTexture name="BA0014" x="8320" y="0" width="640" height="480"/>
    <SubTexture name="BA0015" x="8960" y="0" width="640" height="480"/>
    <SubTexture name="BA0016" x="9600" y="0" width="640" height="480"/>
    <SubTexture name="BA0017" x="10240" y="0" width="640" height="480"/>
    <SubTexture name="BA0018" x="10880" y="0" width="640" height="480"/>
    <SubTexture name="BA0019" x="11520" y="0" width="640" height="480"/>
    <SubTexture name="BA0020" x="12160" y="0" width="640" height="480"/>
    <SubTexture name="BA0021" x="12800" y="0" width="640" height="480"/>
    <SubTexture name="BA0022" x="13440" y="0" width="640" height="480"/>
    <SubTexture name="BA0023" x="14080" y="0" width="640" height="480"/>
    <SubTexture name="BA0024" x="14720" y="0" width="640" height="480"/>
    <SubTexture name="BA0025" x="15360" y="0" width="640" height="480"/>
    <SubTexture name="BA0026" x="16000" y="0" width="640" height="480"/>
    <SubTexture name="BA0027" x="16640" y="0" width="640" height="480"/>
    <SubTexture name="BA0028" x="17280" y="0" width="640" height="480"/>
    <SubTexture name="BA0029" x="17920" y="0" width="640" height="480"/>
    <SubTexture name="BA0030" x="18560" y="0" width="640" height="480"/>
    <SubTexture name="BA0031" x="19200" y="0" width="640" height="480"/>
    <SubTexture name="BA0032" x="19840" y="0" width="640" height="480"/>
    <SubTexture name="BA0033" x="20480" y="0" width="640" height="480"/>
    <SubTexture name="BA0034" x="21120" y="0" width="640" height="480"/>
    <SubTexture name="BA0035" x="21760" y="0" width="640" height="480"/>
    <SubTexture name="BA0036" x="22400" y="0" width="640" height="480"/>
    <SubTexture name="BA0037" x="23040" y="0" width="640" height="480"/>
    <SubTexture name="BA0038" x="23680" y="0" width="640" height="480"/>
    <SubTexture name="BA0039" x="24320" y="0" width="640" height="480"/>
    <SubTexture name="BA0040" x="24960" y="0" width="640" height="480"/>
    <SubTexture name="BA0041" x="25600" y="0" width="640" height="480"/>
    <SubTexture name="BA0042" x="26240" y="0" width="640" height="480"/>
    <SubTexture name="BA0043" x="26880" y="0" width="640" height="480"/>
    <SubTexture name="BA0044" x="27520" y="0" width="640" height="480"/>
    <SubTexture name="BA0045" x="28160" y="0" width="640" height="480"/>
    <SubTexture name="BA0046" x="28800" y="0" width="640" height="480"/>
    <SubTexture name="BA0047" x="29440" y="0" width="640" height="480"/>
    <SubTexture name="BA0048" x="30080" y="0" width="640" height="480"/>
    <SubTexture name="BA0049" x="30720" y="0" width="640" height="480"/>
    <SubTexture name="BA0050" x="31360" y="0" width="640" height="480"/>
    <SubTexture name="BA0051" x="32000" y="0" width="640" height="480"/>
</TextureAtlas>